ALM_EVT_TIMING,C\Configuration\R\Resource\Global_Variables.VB,,,,,,SYS_TIMING_INFO,%MD3.65632,,VAR_GLOBAL,NOT USED,Configuration.Resource,,
AX10_ALM,C\Configuration\R\Resource\Global_Variables.VB,,,,,,BOOL,%IX53828.0,,VAR_GLOBAL,NOT USED,Configuration.Resource,Alarm On Drive,
AX10_BRK,C\Configuration\R\Resource\Global_Variables.VB,,,,,,BOOL,%IX53825.1,,VAR_GLOBAL,NOT USED,Configuration.Resource,Brake Output Status,
AX10_HBB,C\Configuration\R\Resource\Global_Variables.VB,,,,,,BOOL,%IX53825.2,,VAR_GLOBAL,NOT USED,Configuration.Resource,"HBB, Stop Signal Input",
AX10_PON,C\Configuration\R\Resource\Global_Variables.VB,,,,,,BOOL,%IX53828.4,,VAR_GLOBAL,NOT USED,Configuration.Resource,Main Circuit Power On,
AX10_PSET,C\Configuration\R\Resource\Global_Variables.VB,,,,,,BOOL,%IX53828.7,,VAR_GLOBAL,NOT USED,Configuration.Resource,Positioning Completed,
AX10_SI0_IO12,C\Configuration\R\Resource\Global_Variables.VB,,,,,,BOOL,%IX53825.4,,VAR_GLOBAL,NOT USED,Configuration.Resource,"Configurable by Pn81E.0, default is unallocated",
AX10_SI1_IO13,C\Configuration\R\Resource\Global_Variables.VB,,,,,,BOOL,%IX53825.5,,VAR_GLOBAL,NOT USED,Configuration.Resource,"Configurable by Pn81E.1, default is unallocated",
AX10_SI1_POT,C\Configuration\R\Resource\Global_Variables.VB,,,,,,BOOL,%IX53824.0,,VAR_GLOBAL,NOT USED,Configuration.Resource,"POT, default on pin #7, configurable by Pn50A.3",
AX10_SI2_IO14,C\Configuration\R\Resource\Global_Variables.VB,,,,,,BOOL,%IX53825.6,,VAR_GLOBAL,NOT USED,Configuration.Resource,"Configurable by Pn81E.2, default is unallocated",
AX10_SI2_NOT,C\Configuration\R\Resource\Global_Variables.VB,,,,,,BOOL,%IX53824.1,,VAR_GLOBAL,NOT USED,Configuration.Resource,"NOT, default on pin #8, configurable by Pn50B.0",
AX10_SI3_DEC,C\Configuration\R\Resource\Global_Variables.VB,,,,,,BOOL,%IX53824.2,,VAR_GLOBAL,NOT USED,Configuration.Resource,"DEC, default on pin #9, configurable by Pn511.0",
AX10_SI3_IO15,C\Configuration\R\Resource\Global_Variables.VB,,,,,,BOOL,%IX53825.7,,VAR_GLOBAL,NOT USED,Configuration.Resource,"Configurable by Pn81E.3, default is unallocated",
AX10_SI4_EXT1,C\Configuration\R\Resource\Global_Variables.VB,,,,,,BOOL,%IX53824.6,,VAR_GLOBAL,NOT USED,Configuration.Resource,"EXT1, default on pin #10, configurable by Pn511.1",
AX10_SI5_EXT2,C\Configuration\R\Resource\Global_Variables.VB,,,,,,BOOL,%IX53824.7,,VAR_GLOBAL,NOT USED,Configuration.Resource,"EXT2, default on pin #11, configurable by Pn511.2",
AX10_SI6_EXT3,C\Configuration\R\Resource\Global_Variables.VB,,,,,,BOOL,%IX53825.0,,VAR_GLOBAL,NOT USED,Configuration.Resource,"EXT3, default on pin #12, configurable by Pn511.3",
AX10_SO1,C\Configuration\R\Resource\Global_Variables.VB,,,,,,BOOL,%QX53824.0,,VAR_GLOBAL,NOT USED,Configuration.Resource,"SO1, pins 1 and 2, configurable by Pn82E, Pn50E, Pn50F, Pn5",
AX10_SO2,C\Configuration\R\Resource\Global_Variables.VB,,,,,,BOOL,%QX53824.1,,VAR_GLOBAL,NOT USED,Configuration.Resource,"SO2, pins 23 and 24, configurable by Pn82E, Pn50E, Pn50F, P",
AX10_SO3,C\Configuration\R\Resource\Global_Variables.VB,,,,,,BOOL,%QX53824.2,,VAR_GLOBAL,NOT USED,Configuration.Resource,"SO3, pins 25 and 26, configurable by Pn82E, Pn50E, Pn50F, P",
AX10_SVON,C\Configuration\R\Resource\Global_Variables.VB,,,,,,BOOL,%IX53828.3,,VAR_GLOBAL,NOT USED,Configuration.Resource,Servo On,
AX10_WARNG,C\Configuration\R\Resource\Global_Variables.VB,,,,,,BOOL,%IX53828.1,,VAR_GLOBAL,NOT USED,Configuration.Resource,Warning On Drive,
AX3_ALM,C\Configuration\R\Resource\Global_Variables.VB,,,,,,BOOL,%IX53380.0,,VAR_GLOBAL,NOT USED,Configuration.Resource,Alarm On Drive,
AX3_BRK,C\Configuration\R\Resource\Global_Variables.VB,,,,,,BOOL,%IX53377.1,,VAR_GLOBAL,NOT USED,Configuration.Resource,Brake Output Status,
AX3_HBB,C\Configuration\R\Resource\Global_Variables.VB,,,,,,BOOL,%IX53377.2,,VAR_GLOBAL,NOT USED,Configuration.Resource,"HBB, Stop Signal Input",
AX3_PON,C\Configuration\R\Resource\Global_Variables.VB,,,,,,BOOL,%IX53380.4,,VAR_GLOBAL,NOT USED,Configuration.Resource,Main Circuit Power On,
AX3_PSET,C\Configuration\R\Resource\Global_Variables.VB,,,,,,BOOL,%IX53380.7,,VAR_GLOBAL,NOT USED,Configuration.Resource,Positioning Completed,
AX3_SI0_IO12,C\Configuration\R\Resource\Global_Variables.VB,,,,,,BOOL,%IX53377.4,,VAR_GLOBAL,NOT USED,Configuration.Resource,"Configurable by Pn81E.0, default is unallocated",
AX3_SI1_IO13,C\Configuration\R\Resource\Global_Variables.VB,,,,,,BOOL,%IX53377.5,,VAR_GLOBAL,NOT USED,Configuration.Resource,"Configurable by Pn81E.1, default is unallocated",
AX3_SI1_POT,C\Configuration\R\Resource\Global_Variables.VB,,,,,,BOOL,%IX53376.0,,VAR_GLOBAL,NOT USED,Configuration.Resource,"POT, default on pin #7, configurable by Pn50A.3",
AX3_SI2_IO14,C\Configuration\R\Resource\Global_Variables.VB,,,,,,BOOL,%IX53377.6,,VAR_GLOBAL,NOT USED,Configuration.Resource,"Configurable by Pn81E.2, default is unallocated",
AX3_SI2_NOT,C\Configuration\R\Resource\Global_Variables.VB,,,,,,BOOL,%IX53376.1,,VAR_GLOBAL,NOT USED,Configuration.Resource,"NOT, default on pin #8, configurable by Pn50B.0",
AX3_SI3_DEC,C\Configuration\R\Resource\Global_Variables.VB,,,,,,BOOL,%IX53376.2,,VAR_GLOBAL,NOT USED,Configuration.Resource,"DEC, default on pin #9, configurable by Pn511.0",
AX3_SI3_IO15,C\Configuration\R\Resource\Global_Variables.VB,,,,,,BOOL,%IX53377.7,,VAR_GLOBAL,NOT USED,Configuration.Resource,"Configurable by Pn81E.3, default is unallocated",
AX3_SI4_EXT1,C\Configuration\R\Resource\Global_Variables.VB,,,,,,BOOL,%IX53376.6,,VAR_GLOBAL,NOT USED,Configuration.Resource,"EXT1, default on pin #10, configurable by Pn511.1",
AX3_SI5_EXT2,C\Configuration\R\Resource\Global_Variables.VB,,,,,,BOOL,%IX53376.7,,VAR_GLOBAL,NOT USED,Configuration.Resource,"EXT2, default on pin #11, configurable by Pn511.2",
AX3_SI6_EXT3,C\Configuration\R\Resource\Global_Variables.VB,,,,,,BOOL,%IX53377.0,,VAR_GLOBAL,NOT USED,Configuration.Resource,"EXT3, default on pin #12, configurable by Pn511.3",
AX3_SO1,C\Configuration\R\Resource\Global_Variables.VB,,,,,,BOOL,%QX53376.0,,VAR_GLOBAL,NOT USED,Configuration.Resource,"SO1, pins 1 and 2, configurable by Pn82E, Pn50E, Pn50F, Pn5",
AX3_SO2,C\Configuration\R\Resource\Global_Variables.VB,,,,,,BOOL,%QX53376.1,,VAR_GLOBAL,NOT USED,Configuration.Resource,"SO2, pins 23 and 24, configurable by Pn82E, Pn50E, Pn50F, P",
AX3_SO3,C\Configuration\R\Resource\Global_Variables.VB,,,,,,BOOL,%QX53376.2,,VAR_GLOBAL,NOT USED,Configuration.Resource,"SO3, pins 25 and 26, configurable by Pn82E, Pn50E, Pn50F, P",
AX3_SVON,C\Configuration\R\Resource\Global_Variables.VB,,,,,,BOOL,%IX53380.3,,VAR_GLOBAL,NOT USED,Configuration.Resource,Servo On,
AX3_WARNG,C\Configuration\R\Resource\Global_Variables.VB,,,,,,BOOL,%IX53380.1,,VAR_GLOBAL,NOT USED,Configuration.Resource,Warning On Drive,
AX4_ALM,C\Configuration\R\Resource\Global_Variables.VB,,,,,,BOOL,%IX53444.0,,VAR_GLOBAL,NOT USED,Configuration.Resource,Alarm On Drive,
AX4_BRK,C\Configuration\R\Resource\Global_Variables.VB,,,,,,BOOL,%IX53441.1,,VAR_GLOBAL,NOT USED,Configuration.Resource,Brake Output Status,
AX4_HBB,C\Configuration\R\Resource\Global_Variables.VB,,,,,,BOOL,%IX53441.2,,VAR_GLOBAL,NOT USED,Configuration.Resource,"HBB, Stop Signal Input",
AX4_PON,C\Configuration\R\Resource\Global_Variables.VB,,,,,,BOOL,%IX53444.4,,VAR_GLOBAL,NOT USED,Configuration.Resource,Main Circuit Power On,
AX4_PSET,C\Configuration\R\Resource\Global_Variables.VB,,,,,,BOOL,%IX53444.7,,VAR_GLOBAL,NOT USED,Configuration.Resource,Positioning Completed,
AX4_SI0_IO12,C\Configuration\R\Resource\Global_Variables.VB,,,,,,BOOL,%IX53441.4,,VAR_GLOBAL,NOT USED,Configuration.Resource,"Configurable by Pn81E.0, default is unallocated",
AX4_SI1_IO13,C\Configuration\R\Resource\Global_Variables.VB,,,,,,BOOL,%IX53441.5,,VAR_GLOBAL,NOT USED,Configuration.Resource,"Configurable by Pn81E.1, default is unallocated",
AX4_SI1_POT,C\Configuration\R\Resource\Global_Variables.VB,,,,,,BOOL,%IX53440.0,,VAR_GLOBAL,NOT USED,Configuration.Resource,"POT, default on pin #7, configurable by Pn50A.3",
AX4_SI2_IO14,C\Configuration\R\Resource\Global_Variables.VB,,,,,,BOOL,%IX53441.6,,VAR_GLOBAL,NOT USED,Configuration.Resource,"Configurable by Pn81E.2, default is unallocated",
AX4_SI2_NOT,C\Configuration\R\Resource\Global_Variables.VB,,,,,,BOOL,%IX53440.1,,VAR_GLOBAL,NOT USED,Configuration.Resource,"NOT, default on pin #8, configurable by Pn50B.0",
AX4_SI3_DEC,C\Configuration\R\Resource\Global_Variables.VB,,,,,,BOOL,%IX53440.2,,VAR_GLOBAL,NOT USED,Configuration.Resource,"DEC, default on pin #9, configurable by Pn511.0",
AX4_SI3_IO15,C\Configuration\R\Resource\Global_Variables.VB,,,,,,BOOL,%IX53441.7,,VAR_GLOBAL,NOT USED,Configuration.Resource,"Configurable by Pn81E.3, default is unallocated",
AX4_SI4_EXT1,C\Configuration\R\Resource\Global_Variables.VB,,,,,,BOOL,%IX53440.6,,VAR_GLOBAL,NOT USED,Configuration.Resource,"EXT1, default on pin #10, configurable by Pn511.1",
AX4_SI5_EXT2,C\Configuration\R\Resource\Global_Variables.VB,,,,,,BOOL,%IX53440.7,,VAR_GLOBAL,NOT USED,Configuration.Resource,"EXT2, default on pin #11, configurable by Pn511.2",
AX4_SI6_EXT3,C\Configuration\R\Resource\Global_Variables.VB,,,,,,BOOL,%IX53441.0,,VAR_GLOBAL,NOT USED,Configuration.Resource,"EXT3, default on pin #12, configurable by Pn511.3",
AX4_SO1,C\Configuration\R\Resource\Global_Variables.VB,,,,,,BOOL,%QX53440.0,,VAR_GLOBAL,NOT USED,Configuration.Resource,"SO1, pins 1 and 2, configurable by Pn82E, Pn50E, Pn50F, Pn5",
AX4_SO2,C\Configuration\R\Resource\Global_Variables.VB,,,,,,BOOL,%QX53440.1,,VAR_GLOBAL,NOT USED,Configuration.Resource,"SO2, pins 23 and 24, configurable by Pn82E, Pn50E, Pn50F, P",
AX4_SO3,C\Configuration\R\Resource\Global_Variables.VB,,,,,,BOOL,%QX53440.2,,VAR_GLOBAL,NOT USED,Configuration.Resource,"SO3, pins 25 and 26, configurable by Pn82E, Pn50E, Pn50F, P",
AX4_SVON,C\Configuration\R\Resource\Global_Variables.VB,,,,,,BOOL,%IX53444.3,,VAR_GLOBAL,NOT USED,Configuration.Resource,Servo On,
AX4_WARNG,C\Configuration\R\Resource\Global_Variables.VB,,,,,,BOOL,%IX53444.1,,VAR_GLOBAL,NOT USED,Configuration.Resource,Warning On Drive,
AX5_ALM,C\Configuration\R\Resource\Global_Variables.VB,,,,,,BOOL,%IX53508.0,,VAR_GLOBAL,NOT USED,Configuration.Resource,Alarm On Drive,
AX5_BRK,C\Configuration\R\Resource\Global_Variables.VB,,,,,,BOOL,%IX53505.1,,VAR_GLOBAL,NOT USED,Configuration.Resource,Brake Output Status,
AX5_HBB,C\Configuration\R\Resource\Global_Variables.VB,,,,,,BOOL,%IX53505.2,,VAR_GLOBAL,NOT USED,Configuration.Resource,"HBB, Stop Signal Input",
AX5_PON,C\Configuration\R\Resource\Global_Variables.VB,,,,,,BOOL,%IX53508.4,,VAR_GLOBAL,NOT USED,Configuration.Resource,Main Circuit Power On,
AX5_PSET,C\Configuration\R\Resource\Global_Variables.VB,,,,,,BOOL,%IX53508.7,,VAR_GLOBAL,NOT USED,Configuration.Resource,Positioning Completed,
AX5_SI0_IO12,C\Configuration\R\Resource\Global_Variables.VB,,,,,,BOOL,%IX53505.4,,VAR_GLOBAL,NOT USED,Configuration.Resource,"Configurable by Pn81E.0, default is unallocated",
AX5_SI1_IO13,C\Configuration\R\Resource\Global_Variables.VB,,,,,,BOOL,%IX53505.5,,VAR_GLOBAL,NOT USED,Configuration.Resource,"Configurable by Pn81E.1, default is unallocated",
AX5_SI1_POT,C\Configuration\R\Resource\Global_Variables.VB,,,,,,BOOL,%IX53504.0,,VAR_GLOBAL,NOT USED,Configuration.Resource,"POT, default on pin #7, configurable by Pn50A.3",
AX5_SI2_IO14,C\Configuration\R\Resource\Global_Variables.VB,,,,,,BOOL,%IX53505.6,,VAR_GLOBAL,NOT USED,Configuration.Resource,"Configurable by Pn81E.2, default is unallocated",
AX5_SI2_NOT,C\Configuration\R\Resource\Global_Variables.VB,,,,,,BOOL,%IX53504.1,,VAR_GLOBAL,NOT USED,Configuration.Resource,"NOT, default on pin #8, configurable by Pn50B.0",
AX5_SI3_DEC,C\Configuration\R\Resource\Global_Variables.VB,,,,,,BOOL,%IX53504.2,,VAR_GLOBAL,NOT USED,Configuration.Resource,"DEC, default on pin #9, configurable by Pn511.0",
AX5_SI3_IO15,C\Configuration\R\Resource\Global_Variables.VB,,,,,,BOOL,%IX53505.7,,VAR_GLOBAL,NOT USED,Configuration.Resource,"Configurable by Pn81E.3, default is unallocated",
AX5_SI4_EXT1,C\Configuration\R\Resource\Global_Variables.VB,,,,,,BOOL,%IX53504.6,,VAR_GLOBAL,NOT USED,Configuration.Resource,"EXT1, default on pin #10, configurable by Pn511.1",
AX5_SI5_EXT2,C\Configuration\R\Resource\Global_Variables.VB,,,,,,BOOL,%IX53504.7,,VAR_GLOBAL,NOT USED,Configuration.Resource,"EXT2, default on pin #11, configurable by Pn511.2",
AX5_SI6_EXT3,C\Configuration\R\Resource\Global_Variables.VB,,,,,,BOOL,%IX53505.0,,VAR_GLOBAL,NOT USED,Configuration.Resource,"EXT3, default on pin #12, configurable by Pn511.3",
AX5_SO1,C\Configuration\R\Resource\Global_Variables.VB,,,,,,BOOL,%QX53504.0,,VAR_GLOBAL,NOT USED,Configuration.Resource,"SO1, pins 1 and 2, configurable by Pn82E, Pn50E, Pn50F, Pn5",
AX5_SO2,C\Configuration\R\Resource\Global_Variables.VB,,,,,,BOOL,%QX53504.1,,VAR_GLOBAL,NOT USED,Configuration.Resource,"SO2, pins 23 and 24, configurable by Pn82E, Pn50E, Pn50F, P",
AX5_SO3,C\Configuration\R\Resource\Global_Variables.VB,,,,,,BOOL,%QX53504.2,,VAR_GLOBAL,NOT USED,Configuration.Resource,"SO3, pins 25 and 26, configurable by Pn82E, Pn50E, Pn50F, P",
AX5_SVON,C\Configuration\R\Resource\Global_Variables.VB,,,,,,BOOL,%IX53508.3,,VAR_GLOBAL,NOT USED,Configuration.Resource,Servo On,
AX5_WARNG,C\Configuration\R\Resource\Global_Variables.VB,,,,,,BOOL,%IX53508.1,,VAR_GLOBAL,NOT USED,Configuration.Resource,Warning On Drive,
AX6_ALM,C\Configuration\R\Resource\Global_Variables.VB,,,,,,BOOL,%IX53572.0,,VAR_GLOBAL,NOT USED,Configuration.Resource,Alarm On Drive,
AX6_BRK,C\Configuration\R\Resource\Global_Variables.VB,,,,,,BOOL,%IX53569.1,,VAR_GLOBAL,NOT USED,Configuration.Resource,Brake Output Status,
AX6_HBB,C\Configuration\R\Resource\Global_Variables.VB,,,,,,BOOL,%IX53569.2,,VAR_GLOBAL,NOT USED,Configuration.Resource,"HBB, Stop Signal Input",
AX6_PON,C\Configuration\R\Resource\Global_Variables.VB,,,,,,BOOL,%IX53572.4,,VAR_GLOBAL,NOT USED,Configuration.Resource,Main Circuit Power On,
AX6_PSET,C\Configuration\R\Resource\Global_Variables.VB,,,,,,BOOL,%IX53572.7,,VAR_GLOBAL,NOT USED,Configuration.Resource,Positioning Completed,
AX6_SI0_IO12,C\Configuration\R\Resource\Global_Variables.VB,,,,,,BOOL,%IX53569.4,,VAR_GLOBAL,NOT USED,Configuration.Resource,"Configurable by Pn81E.0, default is unallocated",
AX6_SI1_IO13,C\Configuration\R\Resource\Global_Variables.VB,,,,,,BOOL,%IX53569.5,,VAR_GLOBAL,NOT USED,Configuration.Resource,"Configurable by Pn81E.1, default is unallocated",
AX6_SI1_POT,C\Configuration\R\Resource\Global_Variables.VB,,,,,,BOOL,%IX53568.0,,VAR_GLOBAL,NOT USED,Configuration.Resource,"POT, default on pin #7, configurable by Pn50A.3",
AX6_SI2_IO14,C\Configuration\R\Resource\Global_Variables.VB,,,,,,BOOL,%IX53569.6,,VAR_GLOBAL,NOT USED,Configuration.Resource,"Configurable by Pn81E.2, default is unallocated",
AX6_SI2_NOT,C\Configuration\R\Resource\Global_Variables.VB,,,,,,BOOL,%IX53568.1,,VAR_GLOBAL,NOT USED,Configuration.Resource,"NOT, default on pin #8, configurable by Pn50B.0",
AX6_SI3_DEC,C\Configuration\R\Resource\Global_Variables.VB,,,,,,BOOL,%IX53568.2,,VAR_GLOBAL,NOT USED,Configuration.Resource,"DEC, default on pin #9, configurable by Pn511.0",
AX6_SI3_IO15,C\Configuration\R\Resource\Global_Variables.VB,,,,,,BOOL,%IX53569.7,,VAR_GLOBAL,NOT USED,Configuration.Resource,"Configurable by Pn81E.3, default is unallocated",
AX6_SI4_EXT1,C\Configuration\R\Resource\Global_Variables.VB,,,,,,BOOL,%IX53568.6,,VAR_GLOBAL,NOT USED,Configuration.Resource,"EXT1, default on pin #10, configurable by Pn511.1",
AX6_SI5_EXT2,C\Configuration\R\Resource\Global_Variables.VB,,,,,,BOOL,%IX53568.7,,VAR_GLOBAL,NOT USED,Configuration.Resource,"EXT2, default on pin #11, configurable by Pn511.2",
AX6_SI6_EXT3,C\Configuration\R\Resource\Global_Variables.VB,,,,,,BOOL,%IX53569.0,,VAR_GLOBAL,NOT USED,Configuration.Resource,"EXT3, default on pin #12, configurable by Pn511.3",
AX6_SO1,C\Configuration\R\Resource\Global_Variables.VB,,,,,,BOOL,%QX53568.0,,VAR_GLOBAL,NOT USED,Configuration.Resource,"SO1, pins 1 and 2, configurable by Pn82E, Pn50E, Pn50F, Pn5",
AX6_SO2,C\Configuration\R\Resource\Global_Variables.VB,,,,,,BOOL,%QX53568.1,,VAR_GLOBAL,NOT USED,Configuration.Resource,"SO2, pins 23 and 24, configurable by Pn82E, Pn50E, Pn50F, P",
AX6_SO3,C\Configuration\R\Resource\Global_Variables.VB,,,,,,BOOL,%QX53568.2,,VAR_GLOBAL,NOT USED,Configuration.Resource,"SO3, pins 25 and 26, configurable by Pn82E, Pn50E, Pn50F, P",
AX6_SVON,C\Configuration\R\Resource\Global_Variables.VB,,,,,,BOOL,%IX53572.3,,VAR_GLOBAL,NOT USED,Configuration.Resource,Servo On,
AX6_WARNG,C\Configuration\R\Resource\Global_Variables.VB,,,,,,BOOL,%IX53572.1,,VAR_GLOBAL,NOT USED,Configuration.Resource,Warning On Drive,
AX7_ALM,C\Configuration\R\Resource\Global_Variables.VB,,,,,,BOOL,%IX53636.0,,VAR_GLOBAL,NOT USED,Configuration.Resource,Alarm On Drive,
AX7_BRK,C\Configuration\R\Resource\Global_Variables.VB,,,,,,BOOL,%IX53633.1,,VAR_GLOBAL,NOT USED,Configuration.Resource,Brake Output Status,
AX7_HBB,C\Configuration\R\Resource\Global_Variables.VB,,,,,,BOOL,%IX53633.2,,VAR_GLOBAL,NOT USED,Configuration.Resource,"HBB, Stop Signal Input",
AX7_PON,C\Configuration\R\Resource\Global_Variables.VB,,,,,,BOOL,%IX53636.4,,VAR_GLOBAL,NOT USED,Configuration.Resource,Main Circuit Power On,
AX7_PSET,C\Configuration\R\Resource\Global_Variables.VB,,,,,,BOOL,%IX53636.7,,VAR_GLOBAL,NOT USED,Configuration.Resource,Positioning Completed,
AX7_SI0_IO12,C\Configuration\R\Resource\Global_Variables.VB,,,,,,BOOL,%IX53633.4,,VAR_GLOBAL,NOT USED,Configuration.Resource,"Configurable by Pn81E.0, default is unallocated",
AX7_SI1_IO13,C\Configuration\R\Resource\Global_Variables.VB,,,,,,BOOL,%IX53633.5,,VAR_GLOBAL,NOT USED,Configuration.Resource,"Configurable by Pn81E.1, default is unallocated",
AX7_SI1_POT,C\Configuration\R\Resource\Global_Variables.VB,,,,,,BOOL,%IX53632.0,,VAR_GLOBAL,NOT USED,Configuration.Resource,"POT, default on pin #7, configurable by Pn50A.3",
AX7_SI2_IO14,C\Configuration\R\Resource\Global_Variables.VB,,,,,,BOOL,%IX53633.6,,VAR_GLOBAL,NOT USED,Configuration.Resource,"Configurable by Pn81E.2, default is unallocated",
AX7_SI2_NOT,C\Configuration\R\Resource\Global_Variables.VB,,,,,,BOOL,%IX53632.1,,VAR_GLOBAL,NOT USED,Configuration.Resource,"NOT, default on pin #8, configurable by Pn50B.0",
AX7_SI3_DEC,C\Configuration\R\Resource\Global_Variables.VB,,,,,,BOOL,%IX53632.2,,VAR_GLOBAL,NOT USED,Configuration.Resource,"DEC, default on pin #9, configurable by Pn511.0",
AX7_SI3_IO15,C\Configuration\R\Resource\Global_Variables.VB,,,,,,BOOL,%IX53633.7,,VAR_GLOBAL,NOT USED,Configuration.Resource,"Configurable by Pn81E.3, default is unallocated",
AX7_SI4_EXT1,C\Configuration\R\Resource\Global_Variables.VB,,,,,,BOOL,%IX53632.6,,VAR_GLOBAL,NOT USED,Configuration.Resource,"EXT1, default on pin #10, configurable by Pn511.1",
AX7_SI5_EXT2,C\Configuration\R\Resource\Global_Variables.VB,,,,,,BOOL,%IX53632.7,,VAR_GLOBAL,NOT USED,Configuration.Resource,"EXT2, default on pin #11, configurable by Pn511.2",
AX7_SI6_EXT3,C\Configuration\R\Resource\Global_Variables.VB,,,,,,BOOL,%IX53633.0,,VAR_GLOBAL,NOT USED,Configuration.Resource,"EXT3, default on pin #12, configurable by Pn511.3",
AX7_SO1,C\Configuration\R\Resource\Global_Variables.VB,,,,,,BOOL,%QX53632.0,,VAR_GLOBAL,NOT USED,Configuration.Resource,"SO1, pins 1 and 2, configurable by Pn82E, Pn50E, Pn50F, Pn5",
AX7_SO2,C\Configuration\R\Resource\Global_Variables.VB,,,,,,BOOL,%QX53632.1,,VAR_GLOBAL,NOT USED,Configuration.Resource,"SO2, pins 23 and 24, configurable by Pn82E, Pn50E, Pn50F, P",
AX7_SO3,C\Configuration\R\Resource\Global_Variables.VB,,,,,,BOOL,%QX53632.2,,VAR_GLOBAL,NOT USED,Configuration.Resource,"SO3, pins 25 and 26, configurable by Pn82E, Pn50E, Pn50F, P",
AX7_SVON,C\Configuration\R\Resource\Global_Variables.VB,,,,,,BOOL,%IX53636.3,,VAR_GLOBAL,NOT USED,Configuration.Resource,Servo On,
AX7_WARNG,C\Configuration\R\Resource\Global_Variables.VB,,,,,,BOOL,%IX53636.1,,VAR_GLOBAL,NOT USED,Configuration.Resource,Warning On Drive,
AX8_ALM,C\Configuration\R\Resource\Global_Variables.VB,,,,,,BOOL,%IX53700.0,,VAR_GLOBAL,NOT USED,Configuration.Resource,Alarm On Drive,
AX8_BRK,C\Configuration\R\Resource\Global_Variables.VB,,,,,,BOOL,%IX53697.1,,VAR_GLOBAL,NOT USED,Configuration.Resource,Brake Output Status,
AX8_HBB,C\Configuration\R\Resource\Global_Variables.VB,,,,,,BOOL,%IX53697.2,,VAR_GLOBAL,NOT USED,Configuration.Resource,"HBB, Stop Signal Input",
AX8_PON,C\Configuration\R\Resource\Global_Variables.VB,,,,,,BOOL,%IX53700.4,,VAR_GLOBAL,NOT USED,Configuration.Resource,Main Circuit Power On,
AX8_PSET,C\Configuration\R\Resource\Global_Variables.VB,,,,,,BOOL,%IX53700.7,,VAR_GLOBAL,NOT USED,Configuration.Resource,Positioning Completed,
AX8_SI0_IO12,C\Configuration\R\Resource\Global_Variables.VB,,,,,,BOOL,%IX53697.4,,VAR_GLOBAL,NOT USED,Configuration.Resource,"Configurable by Pn81E.0, default is unallocated",
AX8_SI1_IO13,C\Configuration\R\Resource\Global_Variables.VB,,,,,,BOOL,%IX53697.5,,VAR_GLOBAL,NOT USED,Configuration.Resource,"Configurable by Pn81E.1, default is unallocated",
AX8_SI1_POT,C\Configuration\R\Resource\Global_Variables.VB,,,,,,BOOL,%IX53696.0,,VAR_GLOBAL,NOT USED,Configuration.Resource,"POT, default on pin #7, configurable by Pn50A.3",
AX8_SI2_IO14,C\Configuration\R\Resource\Global_Variables.VB,,,,,,BOOL,%IX53697.6,,VAR_GLOBAL,NOT USED,Configuration.Resource,"Configurable by Pn81E.2, default is unallocated",
AX8_SI2_NOT,C\Configuration\R\Resource\Global_Variables.VB,,,,,,BOOL,%IX53696.1,,VAR_GLOBAL,NOT USED,Configuration.Resource,"NOT, default on pin #8, configurable by Pn50B.0",
AX8_SI3_DEC,C\Configuration\R\Resource\Global_Variables.VB,,,,,,BOOL,%IX53696.2,,VAR_GLOBAL,NOT USED,Configuration.Resource,"DEC, default on pin #9, configurable by Pn511.0",
AX8_SI3_IO15,C\Configuration\R\Resource\Global_Variables.VB,,,,,,BOOL,%IX53697.7,,VAR_GLOBAL,NOT USED,Configuration.Resource,"Configurable by Pn81E.3, default is unallocated",
AX8_SI4_EXT1,C\Configuration\R\Resource\Global_Variables.VB,,,,,,BOOL,%IX53696.6,,VAR_GLOBAL,NOT USED,Configuration.Resource,"EXT1, default on pin #10, configurable by Pn511.1",
AX8_SI5_EXT2,C\Configuration\R\Resource\Global_Variables.VB,,,,,,BOOL,%IX53696.7,,VAR_GLOBAL,NOT USED,Configuration.Resource,"EXT2, default on pin #11, configurable by Pn511.2",
AX8_SI6_EXT3,C\Configuration\R\Resource\Global_Variables.VB,,,,,,BOOL,%IX53697.0,,VAR_GLOBAL,NOT USED,Configuration.Resource,"EXT3, default on pin #12, configurable by Pn511.3",
AX8_SO1,C\Configuration\R\Resource\Global_Variables.VB,,,,,,BOOL,%QX53696.0,,VAR_GLOBAL,NOT USED,Configuration.Resource,"SO1, pins 1 and 2, configurable by Pn82E, Pn50E, Pn50F, Pn5",
AX8_SO2,C\Configuration\R\Resource\Global_Variables.VB,,,,,,BOOL,%QX53696.1,,VAR_GLOBAL,NOT USED,Configuration.Resource,"SO2, pins 23 and 24, configurable by Pn82E, Pn50E, Pn50F, P",
AX8_SO3,C\Configuration\R\Resource\Global_Variables.VB,,,,,,BOOL,%QX53696.2,,VAR_GLOBAL,NOT USED,Configuration.Resource,"SO3, pins 25 and 26, configurable by Pn82E, Pn50E, Pn50F, P",
AX8_SVON,C\Configuration\R\Resource\Global_Variables.VB,,,,,,BOOL,%IX53700.3,,VAR_GLOBAL,NOT USED,Configuration.Resource,Servo On,
AX8_WARNG,C\Configuration\R\Resource\Global_Variables.VB,,,,,,BOOL,%IX53700.1,,VAR_GLOBAL,NOT USED,Configuration.Resource,Warning On Drive,
AX9_ALM,C\Configuration\R\Resource\Global_Variables.VB,,,,,,BOOL,%IX53764.0,,VAR_GLOBAL,NOT USED,Configuration.Resource,Alarm On Drive,
AX9_BRK,C\Configuration\R\Resource\Global_Variables.VB,,,,,,BOOL,%IX53761.1,,VAR_GLOBAL,NOT USED,Configuration.Resource,Brake Output Status,
AX9_HBB,C\Configuration\R\Resource\Global_Variables.VB,,,,,,BOOL,%IX53761.2,,VAR_GLOBAL,NOT USED,Configuration.Resource,"HBB, Stop Signal Input",
AX9_PON,C\Configuration\R\Resource\Global_Variables.VB,,,,,,BOOL,%IX53764.4,,VAR_GLOBAL,NOT USED,Configuration.Resource,Main Circuit Power On,
AX9_PSET,C\Configuration\R\Resource\Global_Variables.VB,,,,,,BOOL,%IX53764.7,,VAR_GLOBAL,NOT USED,Configuration.Resource,Positioning Completed,
AX9_SI0_IO12,C\Configuration\R\Resource\Global_Variables.VB,,,,,,BOOL,%IX53761.4,,VAR_GLOBAL,NOT USED,Configuration.Resource,"Configurable by Pn81E.0, default is unallocated",
AX9_SI1_IO13,C\Configuration\R\Resource\Global_Variables.VB,,,,,,BOOL,%IX53761.5,,VAR_GLOBAL,NOT USED,Configuration.Resource,"Configurable by Pn81E.1, default is unallocated",
AX9_SI1_POT,C\Configuration\R\Resource\Global_Variables.VB,,,,,,BOOL,%IX53760.0,,VAR_GLOBAL,NOT USED,Configuration.Resource,"POT, default on pin #7, configurable by Pn50A.3",
AX9_SI2_IO14,C\Configuration\R\Resource\Global_Variables.VB,,,,,,BOOL,%IX53761.6,,VAR_GLOBAL,NOT USED,Configuration.Resource,"Configurable by Pn81E.2, default is unallocated",
AX9_SI2_NOT,C\Configuration\R\Resource\Global_Variables.VB,,,,,,BOOL,%IX53760.1,,VAR_GLOBAL,NOT USED,Configuration.Resource,"NOT, default on pin #8, configurable by Pn50B.0",
AX9_SI3_DEC,C\Configuration\R\Resource\Global_Variables.VB,,,,,,BOOL,%IX53760.2,,VAR_GLOBAL,NOT USED,Configuration.Resource,"DEC, default on pin #9, configurable by Pn511.0",
AX9_SI3_IO15,C\Configuration\R\Resource\Global_Variables.VB,,,,,,BOOL,%IX53761.7,,VAR_GLOBAL,NOT USED,Configuration.Resource,"Configurable by Pn81E.3, default is unallocated",
AX9_SI4_EXT1,C\Configuration\R\Resource\Global_Variables.VB,,,,,,BOOL,%IX53760.6,,VAR_GLOBAL,NOT USED,Configuration.Resource,"EXT1, default on pin #10, configurable by Pn511.1",
AX9_SI5_EXT2,C\Configuration\R\Resource\Global_Variables.VB,,,,,,BOOL,%IX53760.7,,VAR_GLOBAL,NOT USED,Configuration.Resource,"EXT2, default on pin #11, configurable by Pn511.2",
AX9_SI6_EXT3,C\Configuration\R\Resource\Global_Variables.VB,,,,,,BOOL,%IX53761.0,,VAR_GLOBAL,NOT USED,Configuration.Resource,"EXT3, default on pin #12, configurable by Pn511.3",
AX9_SO1,C\Configuration\R\Resource\Global_Variables.VB,,,,,,BOOL,%QX53760.0,,VAR_GLOBAL,NOT USED,Configuration.Resource,"SO1, pins 1 and 2, configurable by Pn82E, Pn50E, Pn50F, Pn5",
AX9_SO2,C\Configuration\R\Resource\Global_Variables.VB,,,,,,BOOL,%QX53760.1,,VAR_GLOBAL,NOT USED,Configuration.Resource,"SO2, pins 23 and 24, configurable by Pn82E, Pn50E, Pn50F, P",
AX9_SO3,C\Configuration\R\Resource\Global_Variables.VB,,,,,,BOOL,%QX53760.2,,VAR_GLOBAL,NOT USED,Configuration.Resource,"SO3, pins 25 and 26, configurable by Pn82E, Pn50E, Pn50F, P",
AX9_SVON,C\Configuration\R\Resource\Global_Variables.VB,,,,,,BOOL,%IX53764.3,,VAR_GLOBAL,NOT USED,Configuration.Resource,Servo On,
AX9_WARNG,C\Configuration\R\Resource\Global_Variables.VB,,,,,,BOOL,%IX53764.1,,VAR_GLOBAL,NOT USED,Configuration.Resource,Warning On Drive,
AXIS,C\Configuration\R\Resource\Global_Variables.VB,,,,,,AXIS_REF,,,VAR_GLOBAL,NOT USED,Configuration.Resource,,
cogstat,C\Configuration\R\Resource\Global_Variables.VB,,,,,,WORD,%IW32800,,VAR_GLOBAL,NOT USED,Configuration.Resource,(* Do Not Modify. *) EtherNet/IP Adapter Status Variable,
HIGH_EVT_TIMING,C\Configuration\R\Resource\Global_Variables.VB,,,,,,SYS_TIMING_INFO,%MD3.65584,,VAR_GLOBAL,NOT USED,Configuration.Resource,,
ISR_EVT_TIMING,C\Configuration\R\Resource\Global_Variables.VB,,,,,,SYS_TIMING_INFO,%MD3.65560,,VAR_GLOBAL,NOT USED,Configuration.Resource,,
ISR_TIMING,C\Configuration\R\Resource\Global_Variables.VB,,,,,,SYS_TIMING_INFO,%MD3.65536,,VAR_GLOBAL,NOT USED,Configuration.Resource,,
LOW_EVT_TIMING,C\Configuration\R\Resource\Global_Variables.VB,,,,,,SYS_TIMING_INFO,%MD3.65608,,VAR_GLOBAL,NOT USED,Configuration.Resource,,
MO1_DI_00,C\Configuration\R\Resource\Global_Variables.VB,,,,,,BOOL,%IX61504.0,,VAR_GLOBAL,NOT USED,Configuration.Resource,Digital Input #0,
MO1_DI_01,C\Configuration\R\Resource\Global_Variables.VB,,,,,,BOOL,%IX61504.1,,VAR_GLOBAL,NOT USED,Configuration.Resource,Digital Input #1,
MO1_DI_02,C\Configuration\R\Resource\Global_Variables.VB,,,,,,BOOL,%IX61504.2,,VAR_GLOBAL,NOT USED,Configuration.Resource,Digital Input #2,
MO1_DI_03,C\Configuration\R\Resource\Global_Variables.VB,,,,,,BOOL,%IX61504.3,,VAR_GLOBAL,NOT USED,Configuration.Resource,Digital Input #3,
MO1_DI_04,C\Configuration\R\Resource\Global_Variables.VB,,,,,,BOOL,%IX61504.4,,VAR_GLOBAL,NOT USED,Configuration.Resource,Digital Input #4,
MO1_DI_05,C\Configuration\R\Resource\Global_Variables.VB,,,,,,BOOL,%IX61504.5,,VAR_GLOBAL,NOT USED,Configuration.Resource,Digital Input #5,
MO1_DI_06,C\Configuration\R\Resource\Global_Variables.VB,,,,,,BOOL,%IX61504.6,,VAR_GLOBAL,NOT USED,Configuration.Resource,Digital Input #6,
MO1_DI_07,C\Configuration\R\Resource\Global_Variables.VB,,,,,,BOOL,%IX61504.7,,VAR_GLOBAL,NOT USED,Configuration.Resource,Digital Input #7,
MO1_DI_08,C\Configuration\R\Resource\Global_Variables.VB,,,,,,BOOL,%IX61505.0,,VAR_GLOBAL,NOT USED,Configuration.Resource,Digital Input #8,
MO1_DI_09,C\Configuration\R\Resource\Global_Variables.VB,,,,,,BOOL,%IX61505.1,,VAR_GLOBAL,NOT USED,Configuration.Resource,Digital Input #9,
MO1_DI_10,C\Configuration\R\Resource\Global_Variables.VB,,,,,,BOOL,%IX61505.2,,VAR_GLOBAL,NOT USED,Configuration.Resource,Digital Input #10,
MO1_DI_11,C\Configuration\R\Resource\Global_Variables.VB,,,,,,BOOL,%IX61505.3,,VAR_GLOBAL,NOT USED,Configuration.Resource,Digital Input #11,
MO1_DI_12,C\Configuration\R\Resource\Global_Variables.VB,,,,,,BOOL,%IX61505.4,,VAR_GLOBAL,NOT USED,Configuration.Resource,Digital Input #12,
MO1_DI_13,C\Configuration\R\Resource\Global_Variables.VB,,,,,,BOOL,%IX61505.5,,VAR_GLOBAL,NOT USED,Configuration.Resource,Digital Input #13,
MO1_DI_14,C\Configuration\R\Resource\Global_Variables.VB,,,,,,BOOL,%IX61505.6,,VAR_GLOBAL,NOT USED,Configuration.Resource,Digital Input #14,
MO1_DI_15,C\Configuration\R\Resource\Global_Variables.VB,,,,,,BOOL,%IX61505.7,,VAR_GLOBAL,NOT USED,Configuration.Resource,Digital Input #15,
MO1_DO_00,C\Configuration\R\Resource\Global_Variables.VB,,,,,,BOOL,%QX61504.0,,VAR_GLOBAL,NOT USED,Configuration.Resource,Digital Output #0,
MO1_DO_01,C\Configuration\R\Resource\Global_Variables.VB,,,,,,BOOL,%QX61504.1,,VAR_GLOBAL,NOT USED,Configuration.Resource,Digital Output #1,
MO1_DO_02,C\Configuration\R\Resource\Global_Variables.VB,,,,,,BOOL,%QX61504.2,,VAR_GLOBAL,NOT USED,Configuration.Resource,Digital Output #2,
MO1_DO_03,C\Configuration\R\Resource\Global_Variables.VB,,,,,,BOOL,%QX61504.3,,VAR_GLOBAL,NOT USED,Configuration.Resource,Digital Output #3,
MO1_DO_04,C\Configuration\R\Resource\Global_Variables.VB,,,,,,BOOL,%QX61504.4,,VAR_GLOBAL,NOT USED,Configuration.Resource,Digital Output #4,
MO1_DO_05,C\Configuration\R\Resource\Global_Variables.VB,,,,,,BOOL,%QX61504.5,,VAR_GLOBAL,NOT USED,Configuration.Resource,Digital Output #5,
MO1_DO_06,C\Configuration\R\Resource\Global_Variables.VB,,,,,,BOOL,%QX61504.6,,VAR_GLOBAL,NOT USED,Configuration.Resource,Digital Output #6,
MO1_DO_07,C\Configuration\R\Resource\Global_Variables.VB,,,,,,BOOL,%QX61504.7,,VAR_GLOBAL,NOT USED,Configuration.Resource,Digital Output #7,
MO1_DO_08,C\Configuration\R\Resource\Global_Variables.VB,,,,,,BOOL,%QX61505.0,,VAR_GLOBAL,NOT USED,Configuration.Resource,Digital Output #8,
MO1_DO_09,C\Configuration\R\Resource\Global_Variables.VB,,,,,,BOOL,%QX61505.1,,VAR_GLOBAL,NOT USED,Configuration.Resource,Digital Output #9,
MO1_DO_10,C\Configuration\R\Resource\Global_Variables.VB,,,,,,BOOL,%QX61505.2,,VAR_GLOBAL,NOT USED,Configuration.Resource,Digital Output #10,
MO1_DO_11,C\Configuration\R\Resource\Global_Variables.VB,,,,,,BOOL,%QX61505.3,,VAR_GLOBAL,NOT USED,Configuration.Resource,Digital Output #11,
MO1_DO_12,C\Configuration\R\Resource\Global_Variables.VB,,,,,,BOOL,%QX61505.4,,VAR_GLOBAL,NOT USED,Configuration.Resource,Digital Output #12,
MO1_DO_13,C\Configuration\R\Resource\Global_Variables.VB,,,,,,BOOL,%QX61505.5,,VAR_GLOBAL,NOT USED,Configuration.Resource,Digital Output #13,
MO1_DO_14,C\Configuration\R\Resource\Global_Variables.VB,,,,,,BOOL,%QX61505.6,,VAR_GLOBAL,NOT USED,Configuration.Resource,Digital Output #14,
MO1_DO_15,C\Configuration\R\Resource\Global_Variables.VB,,,,,,BOOL,%QX61505.7,,VAR_GLOBAL,NOT USED,Configuration.Resource,Digital Output #15,
PLC_ERRORS,C\Configuration\R\Resource\Global_Variables.VB,,,,,,DINT,%MD1.2008,,VAR_GLOBAL,NOT USED,Configuration.Resource,,
PLC_MAX_ERRORS,C\Configuration\R\Resource\Global_Variables.VB,,,,,,DINT,%MD1.2004,,VAR_GLOBAL,NOT USED,Configuration.Resource,,
PLC_SYS_TICK_CNT,C\Configuration\R\Resource\Global_Variables.VB,,,,,,DINT,%MD1.0,,VAR_GLOBAL,DEFINITION,Configuration.Resource,,
PLC_SYS_TICK_CNT,POE\Ball_Position_Logic\Ball_Position_Logic.STB,,26,0,Read,-,DINT,%MD1.0,,VAR_GLOBAL,GLOBAL,Configuration.Resource,,
PLC_SYS_TICK_CNT,POE\Ball_Position_Logic\Ball_Position_Logic.STB,,29,0,Read,,DINT,%MD1.0,,VAR_GLOBAL,GLOBAL,Configuration.Resource,,
PLC_SYS_TICK_CNT,POE\Ball_Position_Logic\Ball_Position_LogicV.VB,,,,,,DINT,%MD1.0,,VAR_GLOBAL,DEFINITION,Configuration.Resource,,
PLC_SYSTASK_AVAILABLE,C\Configuration\R\Resource\Global_Variables.VB,,,,,,INT,%MW1.2016,,VAR_GLOBAL,NOT USED,Configuration.Resource,,
PLC_TASK_1,C\Configuration\R\Resource\Global_Variables.VB,,,,,,TASK_INFO_ECLR,%MB1.5000,,VAR_GLOBAL,NOT USED,Configuration.Resource,,
PLC_TASK_10,C\Configuration\R\Resource\Global_Variables.VB,,,,,,TASK_INFO_ECLR,%MB1.6152,,VAR_GLOBAL,NOT USED,Configuration.Resource,,
PLC_TASK_11,C\Configuration\R\Resource\Global_Variables.VB,,,,,,TASK_INFO_ECLR,%MB1.6280,,VAR_GLOBAL,NOT USED,Configuration.Resource,,
PLC_TASK_12,C\Configuration\R\Resource\Global_Variables.VB,,,,,,TASK_INFO_ECLR,%MB1.6408,,VAR_GLOBAL,NOT USED,Configuration.Resource,,
PLC_TASK_13,C\Configuration\R\Resource\Global_Variables.VB,,,,,,TASK_INFO_ECLR,%MB1.6536,,VAR_GLOBAL,NOT USED,Configuration.Resource,,
PLC_TASK_14,C\Configuration\R\Resource\Global_Variables.VB,,,,,,TASK_INFO_ECLR,%MB1.6664,,VAR_GLOBAL,NOT USED,Configuration.Resource,,
PLC_TASK_15,C\Configuration\R\Resource\Global_Variables.VB,,,,,,TASK_INFO_ECLR,%MB1.6792,,VAR_GLOBAL,NOT USED,Configuration.Resource,,
PLC_TASK_16,C\Configuration\R\Resource\Global_Variables.VB,,,,,,TASK_INFO_ECLR,%MB1.6920,,VAR_GLOBAL,NOT USED,Configuration.Resource,,
PLC_TASK_2,C\Configuration\R\Resource\Global_Variables.VB,,,,,,TASK_INFO_ECLR,%MB1.5128,,VAR_GLOBAL,NOT USED,Configuration.Resource,,
PLC_TASK_3,C\Configuration\R\Resource\Global_Variables.VB,,,,,,TASK_INFO_ECLR,%MB1.5256,,VAR_GLOBAL,NOT USED,Configuration.Resource,,
PLC_TASK_4,C\Configuration\R\Resource\Global_Variables.VB,,,,,,TASK_INFO_ECLR,%MB1.5384,,VAR_GLOBAL,NOT USED,Configuration.Resource,,
PLC_TASK_5,C\Configuration\R\Resource\Global_Variables.VB,,,,,,TASK_INFO_ECLR,%MB1.5512,,VAR_GLOBAL,NOT USED,Configuration.Resource,,
PLC_TASK_6,C\Configuration\R\Resource\Global_Variables.VB,,,,,,TASK_INFO_ECLR,%MB1.5640,,VAR_GLOBAL,NOT USED,Configuration.Resource,,
PLC_TASK_7,C\Configuration\R\Resource\Global_Variables.VB,,,,,,TASK_INFO_ECLR,%MB1.5768,,VAR_GLOBAL,NOT USED,Configuration.Resource,,
PLC_TASK_8,C\Configuration\R\Resource\Global_Variables.VB,,,,,,TASK_INFO_ECLR,%MB1.5896,,VAR_GLOBAL,NOT USED,Configuration.Resource,,
PLC_TASK_9,C\Configuration\R\Resource\Global_Variables.VB,,,,,,TASK_INFO_ECLR,%MB1.6024,,VAR_GLOBAL,NOT USED,Configuration.Resource,,
PLC_TASK_AVAILABLE,C\Configuration\R\Resource\Global_Variables.VB,,,,,,INT,%MW1.2012,,VAR_GLOBAL,NOT USED,Configuration.Resource,,
PLC_TASK_DEFINED,C\Configuration\R\Resource\Global_Variables.VB,,,,,,INT,%MW1.4,,VAR_GLOBAL,NOT USED,Configuration.Resource,,
PLC_TICKS_PER_SEC,C\Configuration\R\Resource\Global_Variables.VB,,,,,,INT,%MW1.2000,,VAR_GLOBAL,NOT USED,Configuration.Resource,,
PLCDEBUG_BPSET,C\Configuration\R\Resource\Global_Variables.VB,,,,,,BOOL,%MX1.2019.0,,VAR_GLOBAL,NOT USED,Configuration.Resource,TRUE : one or more,
PLCDEBUG_FORCE,C\Configuration\R\Resource\Global_Variables.VB,,,,,,BOOL,%MX1.2018.0,,VAR_GLOBAL,NOT USED,Configuration.Resource,TRUE : current PLC mode is POWER on,
PLCDEBUG_POWERFLOW,C\Configuration\R\Resource\Global_Variables.VB,,,,,,BOOL,%MX1.2020.0,,VAR_GLOBAL,NOT USED,Configuration.Resource,TRUE : current PLC mode is POWER on,
PLCMODE_HALT,C\Configuration\R\Resource\Global_Variables.VB,,,,,,BOOL,%MX1.8.0,,VAR_GLOBAL,NOT USED,Configuration.Resource,TRUE : current PLC mode is HALT,
PLCMODE_LOADING,C\Configuration\R\Resource\Global_Variables.VB,,,,,,BOOL,%MX1.2017.0,,VAR_GLOBAL,NOT USED,Configuration.Resource,TRUE : current PLC mode is LOADING,
PLCMODE_ON,C\Configuration\R\Resource\Global_Variables.VB,,,,,,BOOL,%MX1.2016.0,,VAR_GLOBAL,NOT USED,Configuration.Resource,TRUE : current PLC mode is ON,
PLCMODE_RUN,C\Configuration\R\Resource\Global_Variables.VB,,,,,,BOOL,%MX1.7.0,,VAR_GLOBAL,NOT USED,Configuration.Resource,TRUE : current PLC mode is RUN,
PLCMODE_STOP,C\Configuration\R\Resource\Global_Variables.VB,,,,,,BOOL,%MX1.6.0,,VAR_GLOBAL,NOT USED,Configuration.Resource,TRUE : current PLC mode is STOP,
ROD1_ROT,C\Configuration\R\Resource\Global_Variables.VB,,,,,,AXIS_REF,,,VAR_GLOBAL,DEFINITION,Configuration.Resource,,
ROD1_ROT,POE\ALL_ROD_INFO\ALL_ROD_INFO.GB,IN,14,15,Read,,AXIS_REF,,,VAR_GLOBAL,GLOBAL,Configuration.Resource,,
ROD1_ROT,POE\ALL_ROD_INFO\ALL_ROD_INFOV.VB,,,,,,AXIS_REF,,,VAR_GLOBAL,DEFINITION,Configuration.Resource,,
ROD1_ROT,POE\Initialize\InitializeV.VB,,,,,,AXIS_REF,,,VAR_GLOBAL,DEFINITION,Configuration.Resource,,
ROD1_ROT,POE\Main\Main.GB,IN,92,8,Read,,AXIS_REF,,,VAR_GLOBAL,GLOBAL,Configuration.Resource,,
ROD1_ROT,POE\Main\Main.GB,IN,20,37,Read,,AXIS_REF,,,VAR_GLOBAL,GLOBAL,Configuration.Resource,,
ROD1_ROT,POE\Main\Main.GB,IN,72,7,Read,,AXIS_REF,,,VAR_GLOBAL,GLOBAL,Configuration.Resource,,
ROD1_ROT,POE\Main\Main.GB,IN,238,98,Read,,AXIS_REF,,,VAR_GLOBAL,GLOBAL,Configuration.Resource,,
ROD1_ROT,POE\Main\Main.GB,IN,211,102,Read,,AXIS_REF,,,VAR_GLOBAL,GLOBAL,Configuration.Resource,,
ROD1_ROT,POE\Main\Main.GB,IN,261,97,Read,,AXIS_REF,,,VAR_GLOBAL,GLOBAL,Configuration.Resource,,
ROD1_ROT,POE\Main\MainV.VB,,,,,,AXIS_REF,,,VAR_GLOBAL,DEFINITION,Configuration.Resource,,
ROD1_ROT.AxisNum,POE\Initialize\Initialize.STB,,3,0,Write,:=,AXIS_REF,,,VAR_GLOBAL,GLOBAL,Configuration.Resource,,
ROD1_TRANS,C\Configuration\R\Resource\Global_Variables.VB,,,,,,AXIS_REF,,,VAR_GLOBAL,DEFINITION,Configuration.Resource,,
ROD1_TRANS,POE\ALL_ROD_INFO\ALL_ROD_INFO.GB,IN,10,13,Read,,AXIS_REF,,,VAR_GLOBAL,GLOBAL,Configuration.Resource,,
ROD1_TRANS,POE\ALL_ROD_INFO\ALL_ROD_INFOV.VB,,,,,,AXIS_REF,,,VAR_GLOBAL,DEFINITION,Configuration.Resource,,
ROD1_TRANS,POE\Initialize\InitializeV.VB,,,,,,AXIS_REF,,,VAR_GLOBAL,DEFINITION,Configuration.Resource,,
ROD1_TRANS,POE\Main\Main.GB,IN,16,35,Read,,AXIS_REF,,,VAR_GLOBAL,GLOBAL,Configuration.Resource,,
ROD1_TRANS,POE\Main\Main.GB,IN,88,6,Read,,AXIS_REF,,,VAR_GLOBAL,GLOBAL,Configuration.Resource,,
ROD1_TRANS,POE\Main\Main.GB,IN,68,5,Read,,AXIS_REF,,,VAR_GLOBAL,GLOBAL,Configuration.Resource,,
ROD1_TRANS,POE\Main\Main.GB,IN,122,86,Read,,AXIS_REF,,,VAR_GLOBAL,GLOBAL,Configuration.Resource,,
ROD1_TRANS,POE\Main\MainV.VB,,,,,,AXIS_REF,,,VAR_GLOBAL,DEFINITION,Configuration.Resource,,
ROD1_TRANS.AxisNum,POE\Initialize\Initialize.STB,,2,0,Write,:=,AXIS_REF,,,VAR_GLOBAL,GLOBAL,Configuration.Resource,,
ROD2_ROT,C\Configuration\R\Resource\Global_Variables.VB,,,,,,AXIS_REF,,,VAR_GLOBAL,DEFINITION,Configuration.Resource,,
ROD2_ROT,POE\ALL_ROD_INFO\ALL_ROD_INFO.GB,IN,47,15,Read,,AXIS_REF,,,VAR_GLOBAL,GLOBAL,Configuration.Resource,,
ROD2_ROT,POE\ALL_ROD_INFO\ALL_ROD_INFOV.VB,,,,,,AXIS_REF,,,VAR_GLOBAL,DEFINITION,Configuration.Resource,,
ROD2_ROT,POE\Initialize\InitializeV.VB,,,,,,AXIS_REF,,,VAR_GLOBAL,DEFINITION,Configuration.Resource,,
ROD2_ROT,POE\Main\Main.GB,IN,93,47,Read,,AXIS_REF,,,VAR_GLOBAL,GLOBAL,Configuration.Resource,,
ROD2_ROT,POE\Main\Main.GB,IN,49,41,Read,,AXIS_REF,,,VAR_GLOBAL,GLOBAL,Configuration.Resource,,
ROD2_ROT,POE\Main\Main.GB,IN,73,46,Read,,AXIS_REF,,,VAR_GLOBAL,GLOBAL,Configuration.Resource,,
ROD2_ROT,POE\Main\Main.GB,IN,292,102,Read,,AXIS_REF,,,VAR_GLOBAL,GLOBAL,Configuration.Resource,,
ROD2_ROT,POE\Main\Main.GB,IN,342,100,Read,,AXIS_REF,,,VAR_GLOBAL,GLOBAL,Configuration.Resource,,
ROD2_ROT,POE\Main\Main.GB,IN,319,101,Read,,AXIS_REF,,,VAR_GLOBAL,GLOBAL,Configuration.Resource,,
ROD2_ROT,POE\Main\MainV.VB,,,,,,AXIS_REF,,,VAR_GLOBAL,DEFINITION,Configuration.Resource,,
ROD2_ROT.AxisNum,POE\Initialize\Initialize.STB,,7,0,Write,:=,AXIS_REF,,,VAR_GLOBAL,GLOBAL,Configuration.Resource,,
ROD2_TRANS,C\Configuration\R\Resource\Global_Variables.VB,,,,,,AXIS_REF,,,VAR_GLOBAL,DEFINITION,Configuration.Resource,,
ROD2_TRANS,POE\ALL_ROD_INFO\ALL_ROD_INFO.GB,IN,43,13,Read,,AXIS_REF,,,VAR_GLOBAL,GLOBAL,Configuration.Resource,,
ROD2_TRANS,POE\ALL_ROD_INFO\ALL_ROD_INFOV.VB,,,,,,AXIS_REF,,,VAR_GLOBAL,DEFINITION,Configuration.Resource,,
ROD2_TRANS,POE\Initialize\InitializeV.VB,,,,,,AXIS_REF,,,VAR_GLOBAL,DEFINITION,Configuration.Resource,,
ROD2_TRANS,POE\Main\Main.GB,IN,89,45,Read,,AXIS_REF,,,VAR_GLOBAL,GLOBAL,Configuration.Resource,,
ROD2_TRANS,POE\Main\Main.GB,IN,45,39,Read,,AXIS_REF,,,VAR_GLOBAL,GLOBAL,Configuration.Resource,,
ROD2_TRANS,POE\Main\Main.GB,IN,69,45,Read,,AXIS_REF,,,VAR_GLOBAL,GLOBAL,Configuration.Resource,,
ROD2_TRANS,POE\Main\Main.GB,IN,159,85,Read,,AXIS_REF,,,VAR_GLOBAL,GLOBAL,Configuration.Resource,,
ROD2_TRANS,POE\Main\MainV.VB,,,,,,AXIS_REF,,,VAR_GLOBAL,DEFINITION,Configuration.Resource,,
ROD2_TRANS.AxisNum,POE\Initialize\Initialize.STB,,6,0,Write,:=,AXIS_REF,,,VAR_GLOBAL,GLOBAL,Configuration.Resource,,
ROD3_ROT,C\Configuration\R\Resource\Global_Variables.VB,,,,,,AXIS_REF,,,VAR_GLOBAL,DEFINITION,Configuration.Resource,,
ROD3_ROT,POE\ALL_ROD_INFO\ALL_ROD_INFO.GB,IN,80,15,Read,,AXIS_REF,,,VAR_GLOBAL,GLOBAL,Configuration.Resource,,
ROD3_ROT,POE\ALL_ROD_INFO\ALL_ROD_INFOV.VB,,,,,,AXIS_REF,,,VAR_GLOBAL,DEFINITION,Configuration.Resource,,
ROD3_ROT,POE\Initialize\InitializeV.VB,,,,,,AXIS_REF,,,VAR_GLOBAL,DEFINITION,Configuration.Resource,,
ROD3_ROT,POE\Main\Main.GB,IN,74,86,Read,,AXIS_REF,,,VAR_GLOBAL,GLOBAL,Configuration.Resource,,
ROD3_ROT,POE\Main\Main.GB,IN,94,87,Read,,AXIS_REF,,,VAR_GLOBAL,GLOBAL,Configuration.Resource,,
ROD3_ROT,POE\Main\Main.GB,IN,45,110,Read,,AXIS_REF,,,VAR_GLOBAL,GLOBAL,Configuration.Resource,,
ROD3_ROT,POE\Main\Main.GB,IN,205,259,Read,,AXIS_REF,,,VAR_GLOBAL,GLOBAL,Configuration.Resource,,
ROD3_ROT,POE\Main\Main.GB,IN,235,259,Read,,AXIS_REF,,,VAR_GLOBAL,GLOBAL,Configuration.Resource,,
ROD3_ROT,POE\Main\Main.GB,IN,261,258,Read,,AXIS_REF,,,VAR_GLOBAL,GLOBAL,Configuration.Resource,,
ROD3_ROT,POE\Main\MainV.VB,,,,,,AXIS_REF,,,VAR_GLOBAL,DEFINITION,Configuration.Resource,,
ROD3_ROT.AxisNum,POE\Initialize\Initialize.STB,,11,0,Write,:=,AXIS_REF,,,VAR_GLOBAL,GLOBAL,Configuration.Resource,,
ROD3_TRANS,C\Configuration\R\Resource\Global_Variables.VB,,,,,,AXIS_REF,,,VAR_GLOBAL,DEFINITION,Configuration.Resource,,
ROD3_TRANS,POE\ALL_ROD_INFO\ALL_ROD_INFO.GB,IN,76,13,Read,,AXIS_REF,,,VAR_GLOBAL,GLOBAL,Configuration.Resource,,
ROD3_TRANS,POE\ALL_ROD_INFO\ALL_ROD_INFOV.VB,,,,,,AXIS_REF,,,VAR_GLOBAL,DEFINITION,Configuration.Resource,,
ROD3_TRANS,POE\Initialize\InitializeV.VB,,,,,,AXIS_REF,,,VAR_GLOBAL,DEFINITION,Configuration.Resource,,
ROD3_TRANS,POE\Main\Main.GB,IN,70,84,Read,,AXIS_REF,,,VAR_GLOBAL,GLOBAL,Configuration.Resource,,
ROD3_TRANS,POE\Main\Main.GB,IN,41,108,Read,,AXIS_REF,,,VAR_GLOBAL,GLOBAL,Configuration.Resource,,
ROD3_TRANS,POE\Main\Main.GB,IN,90,85,Read,,AXIS_REF,,,VAR_GLOBAL,GLOBAL,Configuration.Resource,,
ROD3_TRANS,POE\Main\Main.GB,IN,124,188,Read,,AXIS_REF,,,VAR_GLOBAL,GLOBAL,Configuration.Resource,,
ROD3_TRANS,POE\Main\MainV.VB,,,,,,AXIS_REF,,,VAR_GLOBAL,DEFINITION,Configuration.Resource,,
ROD3_TRANS.AxisNum,POE\Initialize\Initialize.STB,,10,0,Write,:=,AXIS_REF,,,VAR_GLOBAL,GLOBAL,Configuration.Resource,,
ROD4_ROT,C\Configuration\R\Resource\Global_Variables.VB,,,,,,AXIS_REF,,,VAR_GLOBAL,DEFINITION,Configuration.Resource,,
ROD4_ROT,POE\ALL_ROD_INFO\ALL_ROD_INFO.GB,IN,112,16,Read,,AXIS_REF,,,VAR_GLOBAL,GLOBAL,Configuration.Resource,,
ROD4_ROT,POE\ALL_ROD_INFO\ALL_ROD_INFOV.VB,,,,,,AXIS_REF,,,VAR_GLOBAL,DEFINITION,Configuration.Resource,,
ROD4_ROT,POE\Initialize\InitializeV.VB,,,,,,AXIS_REF,,,VAR_GLOBAL,DEFINITION,Configuration.Resource,,
ROD4_ROT,POE\Main\Main.GB,IN,95,126,Read,,AXIS_REF,,,VAR_GLOBAL,GLOBAL,Configuration.Resource,,
ROD4_ROT,POE\Main\Main.GB,IN,18,114,Read,,AXIS_REF,,,VAR_GLOBAL,GLOBAL,Configuration.Resource,,
ROD4_ROT,POE\Main\Main.GB,IN,75,126,Read,,AXIS_REF,,,VAR_GLOBAL,GLOBAL,Configuration.Resource,,
ROD4_ROT,POE\Main\Main.GB,IN,291,257,Read,,AXIS_REF,,,VAR_GLOBAL,GLOBAL,Configuration.Resource,,
ROD4_ROT,POE\Main\Main.GB,IN,318,255,Read,,AXIS_REF,,,VAR_GLOBAL,GLOBAL,Configuration.Resource,,
ROD4_ROT,POE\Main\Main.GB,IN,345,258,Read,,AXIS_REF,,,VAR_GLOBAL,GLOBAL,Configuration.Resource,,
ROD4_ROT,POE\Main\MainV.VB,,,,,,AXIS_REF,,,VAR_GLOBAL,DEFINITION,Configuration.Resource,,
ROD4_ROT.AxisNum,POE\Initialize\Initialize.STB,,15,0,Write,:=,AXIS_REF,,,VAR_GLOBAL,GLOBAL,Configuration.Resource,,
ROD4_TRANS,C\Configuration\R\Resource\Global_Variables.VB,,,,,,AXIS_REF,,,VAR_GLOBAL,DEFINITION,Configuration.Resource,,
ROD4_TRANS,POE\ALL_ROD_INFO\ALL_ROD_INFO.GB,IN,108,14,Read,,AXIS_REF,,,VAR_GLOBAL,GLOBAL,Configuration.Resource,,
ROD4_TRANS,POE\ALL_ROD_INFO\ALL_ROD_INFOV.VB,,,,,,AXIS_REF,,,VAR_GLOBAL,DEFINITION,Configuration.Resource,,
ROD4_TRANS,POE\Initialize\InitializeV.VB,,,,,,AXIS_REF,,,VAR_GLOBAL,DEFINITION,Configuration.Resource,,
ROD4_TRANS,POE\Main\Main.GB,IN,71,124,Read,,AXIS_REF,,,VAR_GLOBAL,GLOBAL,Configuration.Resource,,
ROD4_TRANS,POE\Main\Main.GB,IN,14,112,Read,,AXIS_REF,,,VAR_GLOBAL,GLOBAL,Configuration.Resource,,
ROD4_TRANS,POE\Main\Main.GB,IN,91,124,Read,,AXIS_REF,,,VAR_GLOBAL,GLOBAL,Configuration.Resource,,
ROD4_TRANS,POE\Main\Main.GB,IN,163,192,Read,,AXIS_REF,,,VAR_GLOBAL,GLOBAL,Configuration.Resource,,
ROD4_TRANS,POE\Main\MainV.VB,,,,,,AXIS_REF,,,VAR_GLOBAL,DEFINITION,Configuration.Resource,,
ROD4_TRANS.AxisNum,POE\Initialize\Initialize.STB,,14,0,Write,:=,AXIS_REF,,,VAR_GLOBAL,GLOBAL,Configuration.Resource,,
X_POSITION,C\Configuration\R\Resource\Global_Variables.VB,,,,,,LREAL,,,VAR_GLOBAL,DEFINITION,Configuration.Resource,,
X_POSITION,POE\Ball_Position_Logic\Ball_Position_Logic.STB,,10,0,Write,:=,LREAL,,,VAR_GLOBAL,GLOBAL,Configuration.Resource,,
X_POSITION,POE\Ball_Position_Logic\Ball_Position_Logic.STB,,47,0,Write,:=,LREAL,,,VAR_GLOBAL,GLOBAL,Configuration.Resource,,
X_POSITION,POE\Ball_Position_Logic\Ball_Position_LogicV.VB,,,,,,LREAL,,,VAR_GLOBAL,DEFINITION,Configuration.Resource,,
X_POSITION,POE\Main\Main.GB,IN,146,3,Read,,LREAL,,,VAR_GLOBAL,GLOBAL,Configuration.Resource,,
X_POSITION,POE\Main\Main.GB,IN,224,4,Read,,LREAL,,,VAR_GLOBAL,GLOBAL,Configuration.Resource,,
X_POSITION,POE\Main\Main.GB,IN,236,162,Read,,LREAL,,,VAR_GLOBAL,GLOBAL,Configuration.Resource,,
X_POSITION,POE\Main\Main.GB,IN,321,2,Read,,LREAL,,,VAR_GLOBAL,GLOBAL,Configuration.Resource,,
X_POSITION,POE\Main\Main.GB,IN,318,163,Read,,LREAL,,,VAR_GLOBAL,GLOBAL,Configuration.Resource,,
X_POSITION,POE\Main\MainV.VB,,,,,,LREAL,,,VAR_GLOBAL,DEFINITION,Configuration.Resource,,
Xpos_G,C\Configuration\R\Resource\Global_Variables.VB,,,,,,UINT,%IW32780,,VAR_GLOBAL,DEFINITION,Configuration.Resource,,
Xpos_G,POE\Ball_Position_Logic\Ball_Position_Logic.STB,,10,0,Read,,UINT,%IW32780,,VAR_GLOBAL,GLOBAL,Configuration.Resource,,
Xpos_G,POE\Ball_Position_Logic\Ball_Position_Logic.STB,,12,0,Read,,UINT,%IW32780,,VAR_GLOBAL,GLOBAL,Configuration.Resource,,
Xpos_G,POE\Ball_Position_Logic\Ball_Position_Logic.STB,,22,0,Read,,UINT,%IW32780,,VAR_GLOBAL,GLOBAL,Configuration.Resource,,
Xpos_G,POE\Ball_Position_Logic\Ball_Position_LogicV.VB,,,,,,UINT,%IW32780,,VAR_GLOBAL,DEFINITION,Configuration.Resource,,
Y_POSITION,C\Configuration\R\Resource\Global_Variables.VB,,,,,,LREAL,,,VAR_GLOBAL,DEFINITION,Configuration.Resource,,
Y_POSITION,POE\Ball_Position_Logic\Ball_Position_Logic.STB,,8,0,Write,:=,LREAL,,,VAR_GLOBAL,GLOBAL,Configuration.Resource,,
Y_POSITION,POE\Ball_Position_Logic\Ball_Position_Logic.STB,,46,0,Write,:=,LREAL,,,VAR_GLOBAL,GLOBAL,Configuration.Resource,,
Y_POSITION,POE\Ball_Position_Logic\Ball_Position_LogicV.VB,,,,,,LREAL,,,VAR_GLOBAL,DEFINITION,Configuration.Resource,,
Y_POSITION,POE\Main\Main.GB,IN,142,3,Read,,LREAL,,,VAR_GLOBAL,GLOBAL,Configuration.Resource,,
Y_POSITION,POE\Main\Main.GB,IN,167,139,Read,,LREAL,,,VAR_GLOBAL,GLOBAL,Configuration.Resource,,
Y_POSITION,POE\Main\Main.GB,IN,128,139,Read,,LREAL,,,VAR_GLOBAL,GLOBAL,Configuration.Resource,,
Y_POSITION,POE\Main\Main.GB,IN,236,4,Read,,LREAL,,,VAR_GLOBAL,GLOBAL,Configuration.Resource,,
Y_POSITION,POE\Main\Main.GB,IN,248,162,Read,,LREAL,,,VAR_GLOBAL,GLOBAL,Configuration.Resource,,
Y_POSITION,POE\Main\Main.GB,IN,333,4,Read,,LREAL,,,VAR_GLOBAL,GLOBAL,Configuration.Resource,,
Y_POSITION,POE\Main\Main.GB,IN,330,163,Read,,LREAL,,,VAR_GLOBAL,GLOBAL,Configuration.Resource,,
Y_POSITION,POE\Main\MainV.VB,,,,,,LREAL,,,VAR_GLOBAL,DEFINITION,Configuration.Resource,,
Ypos_G,C\Configuration\R\Resource\Global_Variables.VB,,,,,,UINT,%IW32782,,VAR_GLOBAL,DEFINITION,Configuration.Resource,,
Ypos_G,POE\Ball_Position_Logic\Ball_Position_Logic.STB,,6,0,Read,<>,UINT,%IW32782,,VAR_GLOBAL,GLOBAL,Configuration.Resource,,
Ypos_G,POE\Ball_Position_Logic\Ball_Position_Logic.STB,,8,0,Read,,UINT,%IW32782,,VAR_GLOBAL,GLOBAL,Configuration.Resource,,
Ypos_G,POE\Ball_Position_Logic\Ball_Position_Logic.STB,,13,0,Read,,UINT,%IW32782,,VAR_GLOBAL,GLOBAL,Configuration.Resource,,
Ypos_G,POE\Ball_Position_Logic\Ball_Position_Logic.STB,,23,0,Read,,UINT,%IW32782,,VAR_GLOBAL,GLOBAL,Configuration.Resource,,
Ypos_G,POE\Ball_Position_Logic\Ball_Position_LogicV.VB,,,,,,UINT,%IW32782,,VAR_GLOBAL,DEFINITION,Configuration.Resource,,
